{
  "lines": {
    "red": [ "Davis", "Harvard", "Kendall", "Park", "Downtown Crossing",
             "South Station", "Broadway", "Andrew", "JFK" ],
    "orange": [ "Ruggles", "Back Bay", "Tufts Medical Center", "Chinatown",
      "Downtown Crossing", "State", "North Station",  "Sullivan" ],
    "green": [ "Tufts", "East Somerville", "Lechmere", "North Station",
      "Government Center", "Park", "Boylston", "Arlington", "Copley" ],
    "blue": [ "Bowdoin", "State", "Aquarium",
      "Maverick", "Airport" ]
  },
  "trips": {
    "Bob": [ "Park", "Tufts" ],
    "Alice": [ "Davis", "Kendall" ],
      "Carol": [ "Maverick", "State", "Downtown Crossing", "Park", "Tufts" ]
  }
}
